"agreement","annotation_id","annotator","created_at","data_id","id","label","lead_time","simple_sentences","text","updated_at"
100.0,91066811,"a.shirin300101@gmail.com","2026-03-28T11:03:54.241935Z","02786b7c4df24164bfd1b536cb1f47bd-5",257100292,"чувства/одиночество, непонимание, изоляция, брошенность",261.347,"{""text"":[""Грустно."",""Ведь мне не с кем даже посмеяться над глупой шуткой.""]}","Грустно, ведь мне не с кем даже посмеяться над глупой шуткой.","2026-03-28T11:03:54.241947Z"
100.0,91067000,"a.shirin300101@gmail.com","2026-03-28T11:09:49.681310Z","17a8af6ef4544988805c03ad361be4eb-0",257100293,"клинические проявления/плач, истерики",354.045,"{""text"":[""Сегодня вечером я плачу от того."",""(что) живу в России.""]}","Сегодня вечером я плачу от того что живу в России.","2026-03-28T11:09:49.681322Z"
100.0,91067037,"a.shirin300101@gmail.com","2026-03-28T11:11:06.620755Z","8d166ac35b2f40e7b1930a124c4ca55e-8",257100294,"клинические проявления/депрессия;смерть/мысли о смерти",75.633,"{""text"":[""Прошло пару лет."",""Я в ужасной депрессии и не хочу жить.""]}","И прошло пару лет, и я в ужасной депрессии и не хочу жить.","2026-03-28T11:11:06.620767Z"
100.0,92299084,"a.shirin300101@gmail.com","2026-03-30T10:14:21.256806Z","686832fc248647c5ab22b976e77f5d3e-1",257100295,"другое/проблемы с деньгами (нищенство, долги);защитные факторы/выражение любви",91.018,"{""text"":[""Одна."",""Со мной обожающая меня маленькая очаровательная собачка."",""(Со мной) обязательства по кредитам.""]}","Одна, со мной обожающая меня маленькая очаровательная собачка, обязательства по кредитам.","2026-03-30T10:14:21.256817Z"
"","","","","e5462f6756de43578c4dade5227a042d-1",257100296,"нерелевантный","","","ни алкоголиков, ни домашнего насилия и поножовщины в детстве не было.",""
100.0,92117644,"a.shirin300101@gmail.com","2026-03-30T05:25:23.975381Z","237bdce006f34919b6d89ab2e7fcd4cc-2",257100297,"клинические проявления/усталость, стресс, истощение ресурсов",46.168,"{""text"":[""И очень сильно устаю."",""У меня нет сил, эмоций, энергии и желания что-либо делать.""]}","И очень сильно устаю: у меня нет сил, эмоций, энергии и желания что-либо делать.","2026-03-30T05:25:23.975392Z"
"","","","","a3730e9a660c4a4b97fff36da7358938-4",257100298,"защитные факторы/желание любви и отношений;защитные факторы/поиск счастья и радости","","","Я мечтаю жить в маленьком но уютном кругу близких мне по духу людей.",""
100.0,92117869,"a.shirin300101@gmail.com","2026-03-30T05:28:15.308588Z","1bd48664d61b4f02b4620916171405e5-0",257100299,"чувства/агрессия, гнев, обида, злость, раздражительность, ревность, несправедливость",136.473,"{""text"":[""Вот я говорю. "",""Большинство мусульманок такие же конченые твари, как их мужики."",""Мне орут что-то про женскую солидарность."",""Их надо жалеть.""]}","Вот когда я говорю что большинство мусульманок такие же конченые твари как их мужики, то мне орут что-то про женскую солидарность, что их надо жалеть.","2026-03-30T05:28:15.308600Z"
100.0,92117896,"a.shirin300101@gmail.com","2026-03-30T05:28:48.555996Z","182d88ce493a4e1db004ead9f0be063f-39",257100300,"защитные факторы/выражение любви",31.53,"{""text"":[""Но я всё ещё хочу быть рядом с моим любимым человеком."",""И только эта мысль меня пока поддерживает.""]}","Но я все ещё хочу быть рядом с моим любимым человеком, и только эта мысль меня пока поддерживает.","2026-03-30T05:28:48.556008Z"
100.0,92299134,"a.shirin300101@gmail.com","2026-03-30T10:15:30.211736Z","180aec786d39401d9ad47f7409b0b4e8-3",257100301,"смерть/мысли о смерти;чувства/негативное самоощущение, вина, стыд, никчемность, самобичевание",130.04,"{""text"":[""Я считаю себя полнейшим ничтожеством."",""(Я) больше не хочу жить.""]}","Я считаю себя полнейшим ничтожеством и больше не хочу жить.","2026-03-30T10:15:30.211747Z"
100.0,92118256,"a.shirin300101@gmail.com","2026-03-30T05:34:57.375058Z","06da3d7019eb46a2a739b0662c4799ee-10",257100302,"смерть/мысли о смерти",254.191,"{""text"":[""Возможно, я просто \""немного\"" обнаглела."",""При такой хорошей жизни заявляю всякую чушь."","" Но черт возьми, я думаю о смерти уже 2 года."",""С каждым днём по чуть-чуть этого желания становится больше.""]}","Возможно, я просто ""немного"" обнаглела, при такой хорошей жизни заявляю всякую чушь, но черт возьми, я думаю о смерти уже 2 года, и с каждым днем по чуть-чуть этого желания становится больше.","2026-03-30T05:34:57.375069Z"
"","","","","478184138e4c421f8a2d1e0946fe5eee-0",257100303,"деструктивное поведение/алкоголь и наркотики","","","Снова бухать как не в себя?",""
"","","","","ac65ae42886844929816c16247efb74e-31",257100304,"защитные факторы/позитивные установки","","","Я чувствую себя полезным и нужным этому миру.",""
"","","","","484bbeee12434a5c8a984b1f62019570-1",257100305,"другое/проблемы с профессиональным определением и реализацией","","","Лешился работы, год искал нашел кое как.",""
100.0,92118341,"a.shirin300101@gmail.com","2026-03-30T05:36:20.439436Z","345dd215becf4aca9810956e4db49b7b-0",257100306,"смерть/мысли о смерти",48.189,"{""text"":[""Помогите мне, пожалуйста."",""У меня столько желаний."",""Мысли о смерти перебивают их.""]}","Помогите мне, пожалуйста, у меня столько желаний, но мысли о смерти перебивают их(","2026-03-30T05:36:20.439450Z"
100.0,92118416,"a.shirin300101@gmail.com","2026-03-30T05:37:25.505579Z","5babd82b4f144d85ab769fa73c7c43ef-1",257100307,"клинические проявления/усталость, стресс, истощение ресурсов",62.891,"{""text"":[""Я помню только два раза за всю жизнь."",""Я позволила себе заплакать не в одиночестве."",""Теперь эти грёбаные взрывы очень тяжело сдерживать.""]}","Я помню только два раза за всю жизнь, когда я позволила себе заплакать не в одиночестве, а теперь эти грёбаные взрывы очень тяжело сдерживать","2026-03-30T05:37:25.505592Z"
"","","","","33a28e6f401b49f3b823304fd490adf0-25",257100308,"нерелевантный","","","Несомненно, я благодарен ей только за две вещи.",""
100.0,92118452,"a.shirin300101@gmail.com","2026-03-30T05:38:01.904132Z","f02dab5d6fae4dc78b27bc86996cd51e-1",257100309,"нерелевантный",20.441,"{""text"":[""Я не верующий."",""Мне 17 лет.""]}","Я не верующий, мне 17 лет.","2026-03-30T05:38:01.904144Z"
100.0,92118584,"a.shirin300101@gmail.com","2026-03-30T05:40:12.185577Z","b02131794b61420a94eedf7d452bf0a3-41",257100310,"клинические проявления/усталость, стресс, истощение ресурсов;чувства/одиночество, непонимание, изоляция, брошенность",128.533,"{""text"":[""Я измотана."",""2 недели почти не сплю."",""С утра до вечера сдаю долги."",""Моя жизнь ломается."",""Не к кому пойти открыться."",""Вокруг одни чужие люди.""]}","я измотана ( 2 недели почти не сплю - с утра до вечера долги сдаю) и моя жизнь ломается, и не к кому пойти открыться: вокруг одни чужие люди.","2026-03-30T05:40:12.185592Z"
100.0,92118635,"a.shirin300101@gmail.com","2026-03-30T05:40:54.815259Z","2dcbacf55158422e8f93ccc134f8af1c-14",257100311,"клинические проявления/плач, истерики",40.832,"{""text"":[""С началом этого учебного года я плакала в школе больше."",""(Я плакала меньше) за все предыдущие учебные годы.""]}","С началом этого учебного года я плакала в школе больше, чем за все предыдущие учебные годы.","2026-03-30T05:40:54.815269Z"
100.0,92118714,"a.shirin300101@gmail.com","2026-03-30T05:42:15.656211Z","e2c6cf07aefa422e81031a499b14316d-52",257100312,"проблемы во внешнем мире/несчастная любовь, проблемы с друзьями, сложности построения отношений",78.901,"{""text"":[""Я не имел собственного жилья."",""Я не смог сохранить человека."",""Я люблю человека больше жизни.""]}","Я не имел собственного жилья и не смог сохранить человека которого люблю больше жизни.","2026-03-30T05:42:15.656224Z"
100.0,92118745,"a.shirin300101@gmail.com","2026-03-30T05:42:43.434784Z","2b3717af7e28436fb012e5600507892e-11",257100313,"другое/деструктивные установки;чувства/беспомощность, безвыходность, безнажежность, отчаяние",25.971,"{""text"":[""Я правда не понимаю."",""А мне зачем жить?""]}","Я правда не понимаю- а мне зачем жить?","2026-03-30T05:42:43.434794Z"
"","","","","5bb6b5b099694a438d8139fa2125daaa-16",257100314,"клинические проявления/другие психические расстройства","","","ходил к двум психологам и 1 психотерапевту.",""
100.0,92118925,"a.shirin300101@gmail.com","2026-03-30T05:45:20.963680Z","a2fc4eeae9884bc9a0eb6ddb9fb2a81d-1",257100315,"нерелевантный",145.337,"{""text"":[""Я бы хотел узнать."",""Как можно попросить прощения у девушки?"",""Девушка мне далеко не безразлична.""]}","Я бы хотел узнать, как можно попросить прощения у девушки, которая мне далеко не безразлична?","2026-03-30T05:45:20.963697Z"
100.0,92118998,"a.shirin300101@gmail.com","2026-03-30T05:46:27.309213Z","9f564ec721884a12a805adb9d3bdcd7d-0",257100316,"смерть/мысли о смерти;чувства/душевное опустошение, подавленность, тоска, грусть",64.646,"{""text"":[""Помогите мне, пожалуйста."",""Я не хочу жить."",""Я не знаю."",""Для чего я живу?""]}","Помогите мне, пожалуйста, я не хочу жить, я не знаю, для чего я живу.","2026-03-30T05:46:27.309224Z"
"","","","","7cff507548864b93adb734cc3b15343d-63",257100317,"нерелевантный","","","и мне часто хочется избавится от него.",""
100.0,92119110,"a.shirin300101@gmail.com","2026-03-30T05:49:06.602920Z","1089efc93f3e439590293c23bb6460e1-0",257100318,"нерелевантный",150.454,"{""text"":[""Блин, вы только задумайтесь."",""Это всю жизнь нужно следить за своим питанием, недоедать, ограничивать себя, заниматься спортом."",""Чтобы что?""]}","блин вы только задумайтесь это ж всю жизнь нужно следить за своим питанием недоедать ограничивать себя заниматься спортом чтобы что?","2026-03-30T05:49:06.602932Z"
100.0,92119191,"a.shirin300101@gmail.com","2026-03-30T05:51:06.236328Z","0d3ce5305e574ed69a3308e4938cba5b-26",257100319,"проблемы во внешнем мире/несчастная любовь, проблемы с друзьями, сложности построения отношений",117.814,"{""text"":[""Друзья советуют не переживать, мол \""нагуляется - вернется\""."",""Для меня свет померк.""]}","Друзья советуют не переживать, мол ""нагуляется - вернется"", а для меня свет померк.","2026-03-30T05:51:06.236339Z"
100.0,92119432,"a.shirin300101@gmail.com","2026-03-30T05:55:45.538838Z","3d583f51f17f4d0cbbbbb8f9f37fb622-13",257100320,"клинические проявления/усталость, стресс, истощение ресурсов;чувства/беспомощность, безвыходность, безнажежность, отчаяние",238.244,"{""text"":[""Я не знаю, что дальше делать."",""Нет ни малейшего стремления жить, быть счастливым, делать добро другим.""]}","Я незнаю что дальше делать, нету не малейшего стремления жить, быть счастливым, делать добро другим.","2026-03-30T05:55:45.538849Z"
100.0,92119468,"a.shirin300101@gmail.com","2026-03-30T05:56:19.993886Z","f71244accdbe43fc902da518e245cd8e-0",257100321,"нерелевантный",32.773,"{""text"":[""Так много людей думает."",""Я встречаюсь со своей лучшей подругой."",""Я уже сбилась со счёту.""]}","так много людей думает, что я встречаюсь со своей лучшей подругой, что я уже сбилась со счету","2026-03-30T05:56:19.993898Z"
100.0,92119526,"a.shirin300101@gmail.com","2026-03-30T05:57:24.077336Z","43e7997ed1414e4fb1f986580159e218-0",257100322,"клинические проявления/расстройство пищевого поведения (рпп)",62.498,"{""text"":[""Скажите."",""У вас тоже было такое."",""Вы приучили себя к ПП."",""В вашем доме появилась шоколадная паста."",""Вы сорвались.""]}","скажите, а у вас тоже было такое, что вы приучили себя к пп, а потом в вашем доме появилась шоколадная паста и вы сорвались?","2026-03-30T05:57:24.077351Z"
100.0,92119593,"a.shirin300101@gmail.com","2026-03-30T05:58:37.523458Z","3958b4b1a0e44ecd924622b89cbc71c0-10",257100323,"проблемы во внешнем мире/несчастная любовь, проблемы с друзьями, сложности построения отношений",71.833,"{""text"":[""Где-то с 8-го класса я стала замечать."",""Он проявляет ко мне интерес."",""Это происходит как-то странно."",""Он просил моих подруг позвать меня гулять вместе с ними."",""Он даже руки мне целовал."",""Он смотрит на меня с презрением и плохо скрытым раздражением.""]}","Где-то с 8-го класса я стала замечать, что он проявляет ко мне интерес, но это происходит как-то странно - то он просил моих подруг позвать меня гулять вместе с ними и даже руки мне целовал, то смотрит на меня с презрением и плохо скрытым раздражением.","2026-03-30T05:58:37.523469Z"
"","","","","d97276c6701e474b9bdeb01335bbb4bd-13",257100324,"чувства/негативное самоощущение, вина, стыд, никчемность, самобичевание","","","пока я не начал проявлять свой ужасный характер.",""
100.0,92119732,"a.shirin300101@gmail.com","2026-03-30T06:00:53.329381Z","4925d65c5ff842cf8ee921b4615cd518-2",257100325,"проблемы в семье/сложные отношения с родственниками;проблемы во внешнем мире/несчастная любовь, проблемы с друзьями, сложности построения отношений;чувства/одиночество, непонимание, изоляция, брошенность",105.376,"{""text"":[""Предал муж (и) друзья."",""Родственникам (я) оказалась сразу не нужна.""]}","Предал муж, друзья, родственникам оказалась сразу не нужна.","2026-03-30T06:00:53.329392Z"
100.0,92119791,"a.shirin300101@gmail.com","2026-03-30T06:01:46.912406Z","5835eadeab5a481ab41b244f61d44a8b-21",257100326,"защитные факторы/позитивные установки",51.546,"{""text"":[""Я христианка."",""Я никогда не покончу жизнь самоубийством.""]}","Но я христианка и никогда не покончу жизнь самоубийством.","2026-03-30T06:01:46.912418Z"
100.0,92120557,"a.shirin300101@gmail.com","2026-03-30T06:09:26.882233Z","f5b3f8b79fb341cfb643b5bf3c2a06e2-0",257100327,"клинические проявления/тревожность, страх, фобии",458.07,"{""text"":[""(Рассказываю) коротко о чём-то."",""Я ночую в одиночестве уже третий день."",""(Я ночую в одиночестве) чтобы не испытывать тревожности.""]}","коротко о том, как я ночую в одиночестве уже третий день чтобы не испытывать тревожности) 0)","2026-03-30T06:09:26.882245Z"
"","","","","11fd61ee057146cc90552d615e76cc4c-0",257100328,"нерелевантный","","","Всемирный день психического здоровья: чем нам грозит чужая депрессия http://www.",""
100.0,92120966,"a.shirin300101@gmail.com","2026-03-30T06:14:25.418527Z","f4f326a7ac474eafbbc76fc4acb42307-2",257100329,"нерелевантный",286.325,"{""text"":[""Тетеньке 39 лет."",""Тетенька работает на низовой должности не в Газпроме."",""У тетеньки нет своего жилья."",""Ее мужик промотал все деньги."",""Она вся в долгах.""]}","Ситуация: тетеньке 39 лет, тетенька работает на низовой должности не в газпроме, у тетеньки нет своего жилья, ее мужик промотал все деньги, она вся в долгах.","2026-03-30T06:14:25.418543Z"
100.0,92121026,"a.shirin300101@gmail.com","2026-03-30T06:15:27.073156Z","1dbb8f9e33804df78dec8cfcb898b85f-36",257100330,"нерелевантный",59.925,"{""text"":[""Я взрослый состоявшийся человек."",""Я давно уже не склонен впадать в панику даже при неприятностях такого уровня.""]}","Я взрослый состоявшийся человек и давно уже не склонен впадать в панику даже при неприятностях такого уровня.","2026-03-30T06:15:27.073168Z"
100.0,92121096,"a.shirin300101@gmail.com","2026-03-30T06:16:35.572700Z","df8504fd975f47fc8b84d1d95b358324-15",257100331,"чувства/негативное самоощущение, вина, стыд, никчемность, самобичевание",66.43,"{""text"":[""Я так и остался тупой серой мышью."",""Которая пытается что-то сказать."",""Но её просто давят сапогом.""]}","Я так и остался тупой серой мышью, которая пытается что то сказать, но её просто давят( сапогом.","2026-03-30T06:16:35.572711Z"
100.0,92121355,"a.shirin300101@gmail.com","2026-03-30T06:19:19.519408Z","25c73fb614934f9b80303dd22803ef75-4",257100332,"смерть/мысли о смерти",161.998,"{""text"":[""Я не думаю."",""Существование после смерти в виде простейших химических элементов и соединений не хуже."",""Чем я была до рождения хуже.""]}","Я не думаю, что существование после смерти в виде простейших химических элементов и соединений хуже чем то, чем я была до рождения.","2026-03-30T06:19:19.519420Z"
100.0,92121397,"a.shirin300101@gmail.com","2026-03-30T06:19:57.429795Z","5d3637f0705a44e4a4ad0927866c49c8-13",257100333,"смерть/мысли о смерти",36.203,"{""text"":[""Смысла жизни нет."",""Всё, о чём я мечтаю - это умереть.""]}","Смысла жизни нет, все, о чем я мечтаю-это умереть.","2026-03-30T06:19:57.429806Z"
100.0,92121467,"a.shirin300101@gmail.com","2026-03-30T06:21:01.517861Z","bc2d1f59e7114030ab494ae348d20e73-2",257100334,"проблемы в семье/сложные отношения с родственниками",60.57,"{""text"":[""Я в браке 7 лет. "",""5 лет я понимаю."",""(Я) совсем не люблю свою жену.""]}","Я в браке 7 лет, 5 из которых понимаю, что совсем не люблю свою жену.","2026-03-30T06:21:01.517874Z"
100.0,92121624,"a.shirin300101@gmail.com","2026-03-30T06:23:18.085074Z","552c03e3cf34476abb8e6296039e9c84-1",257100335,"смерть/мысли о смерти",134.68,"{""text"":[""Когда мне так хуево. "",""Дайте мне гадание."",""Где я сдохну в ближайшее время."",""И я буду прямо счастлив."",""И (буду) ждать этого больше любого праздника.""]}","когда мне так хуево давайте мне гадание где я сдохну в ближ время и я буду прямо счастлив и ждать этого больше любого праздника.","2026-03-30T06:23:18.085086Z"
100.0,92165943,"a.shirin300101@gmail.com","2026-03-30T07:24:38.345795Z","260ad9478da54eefbf1390e9751ce115-0",257100336,"защитные факторы/выражение счастья, радости, удовлетворенности",3678.61,"{""text"":[""Радует."",""Друг для друга мы всё ещё её «золотые дети».""]}","Радует, что друг для друга мы всё ещё ее ""золотые дети""","2026-03-30T07:24:38.345809Z"
100.0,92213413,"a.shirin300101@gmail.com","2026-03-30T07:41:14.905121Z","3cf5d6c8443440e087c2727918fdc4b3-0",257100337,"проблемы в семье/сложные отношения с родственниками;проблемы во внешнем мире/несчастная любовь, проблемы с друзьями, сложности построения отношений;смерть/мысли о смерти;чувства/душевное опустошение, подавленность, тоска, грусть;чувства/негативное самоощущение, вина, стыд, никчемность, самобичевание;чувства/одиночество, непонимание, изоляция, брошенность",994.461,"{""text"":[""Я себя ненавижу."",""Проста не считаю себя в чем-то вообше нужным."",""Мне 18 лет."",""Я полный ноль."",""Ни друзей, ни знакомых."",""Я всегда был один."",""Я себя ненавижу."",""Просто сил нет сдохнуть."",""Я не живу."",""Я проста сушествую."",""Я просто ничего не добился."",""Я никому не нужен."",""Пока я пишу это, я начинаю всё больше себя ненавидить."",""Я ничтожество, одинокий, ноль."",""Я никому не нужен, даже своим родителям и вообще всем."",""Меня с детства ненавидели все."",""И теперь я понимаю их."",""Я сам себя ненавижу."",""Даже видеть не хочу себя."",""Просто сил нет умереть.""]}","Я себя ненавижу проста не считаю себя вчемта вообше нужным мне 18лет и я полный ноль ни друзей ни знакомых я всегда был один я себя ненавижу проста сил нет сдохнуть я не живу а проста сушествую проста ничего не добился никому ненужен и даже пока я пишу эта я начинаю всё больше себя ненавидить я ничтожества одинокий ноль я никому ненужен даже своим радителям и вообше всем меня с детства ненавидили все и теперь я понимаю их я сам себя ненавижу даже видеть нехочу себя проста сил нет умереть не слю по начам и вообше думаю как себя ненавижи каждый миг я себя ненавижу меня с детства ненавидили я проста ничто ноль если даже умру никто и не заметилбы я проста лишний везде уменя когда был шанс на учебу я его недоотценил и после этого еше сильнее ненавижу себя и хочу умереть как можа мучительнее я проста ничто","2026-03-30T07:41:14.905133Z"
100.0,92213962,"a.shirin300101@gmail.com","2026-03-30T07:42:02.363224Z","56e6e2bb0d9142d48acfcd891950d469-3",257100338,"нерелевантный",45.796,"{""text"":[""Причём это не каждый день, а промежутками, через некоторое время. "",""А когда настает это время, то (оно) накрывает полностью и надолго.""]}","причем это не каждый день, а промежутками, через некоторое время, а когда настает это время, то накрывает полностью и надолго.","2026-03-30T07:42:02.363237Z"
100.0,92237364,"a.shirin300101@gmail.com","2026-03-30T07:54:24.459422Z","c6ed26d79d4f4af8a2a62c35420e753f-8",257100339,"проблемы во внешнем мире/несчастная любовь, проблемы с друзьями, сложности построения отношений",740.633,"{""text"":[""Опущу подробности и не буду писать."",""Почему мы расстались."",""Скажу только то, что после некоторых подробностей, которые стали мне известны."",""Я никогда больше не смогу быть с ним."",""Никогда не смогу жить с ним и с этой мыслью."",""В его жизни кто-то был."",""Не смогу целовать его, обнимать искренне.""]}","Опущу подробности и не буду писать, почему мы расстались, скажу только то, что после некоторых подробностей, которые стали мне известны, я никогда больше не смогу быть с ним, никогда не смогу жить с ним с этой мыслью, о том, что в его жизни кто-то был, не смогу целовать его, обнимать искренне.","2026-03-30T07:54:24.459433Z"
100.0,92238098,"a.shirin300101@gmail.com","2026-03-30T07:54:54.048938Z","27896365e903442e8f3e7a6e0f598204-11",257100340,"защитные факторы/наличие позитивных социальных связей",26.956,"{""text"":[""Общение было прекрасным."",""Он слушал меня и понимал.""]}","Общение было прекрасным, он слушал меня и понимал.","2026-03-30T07:54:54.048951Z"
100.0,92240652,"a.shirin300101@gmail.com","2026-03-30T07:56:04.040065Z","8dfdd09390ea4942ad6657adb5ecfee1-4",257100341,"защитные факторы/наличие позитивных социальных связей",64.866,"{""text"":[""Боюсь сорваться."",""Я не могу оставить его одного."",""А у себя в городе обратиться к психиатру боюсь."",""Вдруг узнают.""]}","Боюсь сорваться, я не могу оставить его одного, а у себя в городе обратится к психиатору боюсь( вдруг узнают.","2026-03-30T07:56:04.040084Z"
100.0,92242147,"a.shirin300101@gmail.com","2026-03-30T07:56:44.742449Z","91a7d6186f5940b1b7038c977143194d-2",257100342,"проблемы во внешнем мире/несчастная любовь, проблемы с друзьями, сложности построения отношений;проблемы во внешнем мире/травля, физическое насилие",39.208,"{""text"":[""Через 2 года я родила от него ребенка."",""А еще через 1,5 года мы разошлись."",""Точнее, я ушла."",""Так как он оказался тираном.""]}","Через 2 года я родила от него ребенка, а еще через 1, 5 года мы разошлись, точнее я ушла, так как он оказался тираном.","2026-03-30T07:56:44.742463Z"
100.0,92244912,"a.shirin300101@gmail.com","2026-03-30T07:58:03.818444Z","856545a8e72c4d599d953600ce0c633b-1",257100343,"смерть/мысли о смерти",77.484,"{""text"":[""Часто (меня) посещали мысли о суициде."",""Но (они) были на расстоянии вытянутой руки."",""И обычно со временем уходили."",""Наверное, это нормально, думал я."",""Должно быть так у всех.""]}","Часто посещали мысли о суициде но были так сказать на расстоянии вытянутой руки и обычно со временем уходили, наверное это нормально думал я должно быть так у всех.","2026-03-30T07:58:03.818456Z"
"","","","","8fcc136350f744d68d8c5f3c5c365165-1",257100344,"смерть/мысли о смерти;чувства/душевное опустошение, подавленность, тоска, грусть","","","Выхода я не вижу, кроме одного-суицид.",""
100.0,92249581,"a.shirin300101@gmail.com","2026-03-30T08:00:34.824380Z","912b0c9c656f4e20805ab4373aaa9c86-0",257100345,"чувства/агрессия, гнев, обида, злость, раздражительность, ревность, несправедливость",128.936,"{""text"":[""Очень хочется ударить каждых долбоёбов, которые считают."","" Их диагнозы и менталочки являются бесспорным оправданием их агрессии, конфликтности и любой другой херни по отношению к людям.""]}","очень хочется ударить каждых долбоёбин которые считают что их диагнозы и менталочки являются бесспорным оправданием их агрессии, конфликтности и любой другой хуйни по отношению к людям","2026-03-30T08:00:34.824393Z"
100.0,92299387,"a.shirin300101@gmail.com","2026-03-30T10:19:14.039879Z","7e092419fd4b487499b6677ab97655f8-6",257100346,"клинические проявления/попытка суицида в прошлом",119.166,"{""text"":[""У меня была попытка покончить с собой."",""Через неделю или несколько недель у моего брата случилось что то вроде приступа эпилепсии.""]}","Через неделю или несколько недель после моей попытки покончить с собой у моего брата случилось что то вроде приступа эпилепсии ( первого.","2026-03-30T10:19:14.039896Z"
100.0,92250140,"a.shirin300101@gmail.com","2026-03-30T08:01:30.743746Z","4dbe563907cd4ffcb0083a485fb1b649-1",257100347,"нерелевантный",28.894,"{""text"":[""Требуется время."",""Чтобы снизить интенсивность, длительность и частоту эмоциональных регрессий в будущем.""]}","Требуется время, чтобы снизить интенсивность, длительность и частоту эмоциональных регрессий в будущем.","2026-03-30T08:01:30.743758Z"
"","","","","27694f07a7e749dd9718849684b6584a-31",257100348,"нерелевантный","","","Так продолжалось до морозов и снега.",""
100.0,92251254,"a.shirin300101@gmail.com","2026-03-30T08:02:47.001134Z","8482e77ac82241edbe0151e0dda220b2-1",257100349,"клинические проявления/усталость, стресс, истощение ресурсов;чувства/душевное опустошение, подавленность, тоска, грусть;чувства/одиночество, непонимание, изоляция, брошенность",65.846,"{""text"":[""Больше нет ничего, кроме дикой боли и четырех стен."",""Единственное место общения - это интернет."",""Я устал и больше не могу.""]}","больше нет ничего кроме дикой боли и четырех стен, единственное место общения интернет, я устал и больше не могу","2026-03-30T08:02:47.001149Z"
100.0,92251632,"a.shirin300101@gmail.com","2026-03-30T08:03:13.907588Z","33fd1a212a964692a656272cc55919fc-2",257100350,"проблемы во внешнем мире/несчастная любовь, проблемы с друзьями, сложности построения отношений",25.304,"{""text"":[""Любимая жена перестала относиться ко мне как к личности."",""(Я) слышу от неё только, какой я плохой.""]}","Любимая жена перестала относиться ко мне как к личности, слышу от неё только какой я плохой.","2026-03-30T08:03:13.907600Z"
100.0,92252220,"a.shirin300101@gmail.com","2026-03-30T08:04:34.793020Z","363d176b9dee4be49725224cab092a93-1",257100351,"клинические проявления/физические заболевания, инвалидность",76.038,"{""text"":[""Сразу к делу."",""Проблема в том."",""У меня врожденный порез нерва на лице."",""В результате чего левая часть лица работает слабее правой со всеми вытекающими отсюда последствиями.""]}","Сразу к делу: проблема в том, что у меня врожденный порез нерва на лице, в результате чего левая часть лица работает слабее правой со всеми вытекающими отсюда последствиями.","2026-03-30T08:04:34.793036Z"
100.0,92255418,"a.shirin300101@gmail.com","2026-03-30T08:08:21.673320Z","161f78db21c246d69be2bc0357a5b586-2",257100352,"смерть/мысли о смерти;чувства/душевное опустошение, подавленность, тоска, грусть",63.891,"{""text"":[""Я стою."",""Я просто пытаюсь дождаться."",""Когда моё внутреннее болото убьёт меня по-настоящему.""]}","И я стою, и просто пытаюсь дождаться, когда моё внутреннее болото убьёт меня по-настоящему.","2026-03-30T08:08:21.673332Z"
"","","","","f1c943c603c84f90a8180640ee9b5846-85",257100353,"защитные факторы/выражение любви","","","Я слишком люблю солнце, ночь, море, свою собаку, нерожденного ребенка.",""
100.0,92256976,"a.shirin300101@gmail.com","2026-03-30T08:09:37.872948Z","0045c9fbb0a243a895c1760cef9eaa8a-0",257100354,"проблемы во внешнем мире/травля, физическое насилие",52.513,"{""text"":[""Н*дя *ва общается с чуваком. "",""Который затравил меня два года назад."","" Почему я не удивлена.""]}","Н*дя *ва общается с чуваком, который затравил меня два года назад) почему я не удивлена.","2026-03-30T08:09:37.872971Z"
100.0,92258109,"a.shirin300101@gmail.com","2026-03-30T08:11:01.546738Z","dcf849ae15d44eabb5abd2ba6fedf3b6-0",257100355,"клинические проявления/усталость, стресс, истощение ресурсов",80.961,"{""text"":[""Очень бы хотелось, чтобы все от меня отъебались."","" И мне просто капали деньги."",""А не бегать на адреналине, кофеине. "",""Не факт, что чего-то получишь."",""Или урона больше.""]}","очень бы хотелось чтобы все от меня отъебались и мне просто капали деньги а не бегать на адреналине кофеине не факт что чего получишь или урона больше","2026-03-30T08:11:01.546752Z"
"","","","","dacf55fe7d50420cbbf4ff88a1d75024-2",257100356,"другое/деструктивные установки;смерть/мысли о смерти","","","На мне лежит порча на смерть!",""
100.0,92258659,"a.shirin300101@gmail.com","2026-03-30T08:11:41.753451Z","1b5f1cc00ba844e2ba8f87fb4c6c3cf4-7",257100357,"смерть/смерть, несчастный случай или суицид близких",30.586,"{""text"":[""У меня в семье умерли все бабушки и дедушки."",""Папа тоже умер.""]}","У меня в семье умерли все бабушки, дедушки, папа тоже умер.","2026-03-30T08:11:41.753461Z"
100.0,92259191,"a.shirin300101@gmail.com","2026-03-30T08:12:11.364662Z","ae5e64475a96412e83cdf87620afd14e-6",257100358,"проблемы в семье/распад семьи",28.187,"{""text"":[""Я понимаю."",""В развале семьи виноваты оба.""]}","Я понимаю, что в развале семьи виноваты оба.","2026-03-30T08:12:11.364675Z"
100.0,92260290,"a.shirin300101@gmail.com","2026-03-30T08:13:15.708231Z","cede9a8f342d492ca47a512fce8c8129-1",257100359,"нерелевантный",62.938,"{""text"":[""Когда мне бывает плохо."",""Я набираю текст в Ворде."",""Описываю свои проблемы."",""А потом, пару раз перечитав, удаляю его нафиг.""]}","Когда мне бывает плохо, я набираю текст в Ворде, где описываю свои проблемы, а потом, пару раз перечитав, удаляю его нафиг.","2026-03-30T08:13:15.708244Z"
100.0,92263233,"a.shirin300101@gmail.com","2026-03-30T08:16:32.457402Z","623bc2c1314342e78ad3bd003f3622ce-4",257100360,"защитные факторы/выражение любви;защитные факторы/наличие позитивных социальных связей",194.164,"{""text"":[""Подруга учится в другом городе. "",""Я восхищаюсь, я в чём-то пытаюсь походить на неё."","" С которой мы можем долго разговаривать на разные темы."",""Которая понимает меня и выслушивает.""]}","Та подруга, которой я восхищаюсь и в чем то пытаюсь походить на нее, с которой мы можем долго разговаривать на разные темы, которая понимает меня и выслушивает учится в другом городе.","2026-03-30T08:16:32.457412Z"
100.0,92263278,"a.shirin300101@gmail.com","2026-03-30T08:17:18.359128Z","5bb3bfb499454ec2801d1488478ea0c8-16",257100361,"защитные факторы/наличие целей, планов на будущее, любимого дела",44.304,"{""text"":[""Буду периодически устраивать себе хоть какие-то встряски и развлечения. "",""Но есть понимание."",""Кардинально ничего не изменится.""]}","Буду периодически устраивать себе хоть какие-то встряски и развлечения, но есть понимание, что кардинально ничего не изменится.","2026-03-30T08:17:18.359141Z"
100.0,92263828,"a.shirin300101@gmail.com","2026-03-30T08:17:58.675557Z","be68506ac6f24ad2ac3520aee6c34694-25",257100362,"защитные факторы/наличие позитивных социальных связей",38.895,"{""text"":[""Он хвалил меня и говорил."",""Я самая красивая и самая лучшая.""]}","Он хвалил меня, говорил, что я самая красивая, самая лучшая.","2026-03-30T08:17:58.675570Z"
100.0,92264714,"a.shirin300101@gmail.com","2026-03-30T08:18:26.126555Z","a8176cd8b6084f189557d083920bc0a8-17",257100363,"клинические проявления/бессоница;чувства/беспомощность, безвыходность, безнажежность, отчаяние",26.029,"{""text"":[""Иногда я в отчаянии."",""Лежу и не могу заснуть.""]}","Иногда я в отчаянии, когда лежу и не могу заснуть.","2026-03-30T08:18:26.126568Z"
100.0,92265081,"a.shirin300101@gmail.com","2026-03-30T08:19:18.417262Z","327ebe0058a44ca396a7471291a24d72-0",257100364,"клинические проявления/депрессия",49.721,"{""text"":[""Меня снова спустя 2 года поглотила жестокая депрессия."",""(Я) побывал у врачей."",""Прописали на первый раз занять себя чем-нибудь.""]}","меня снова спустя 2 года поглотила жестокая депрессия, побывал у врачей - прописали на первый раз занять себя чем-нибудь.","2026-03-30T08:19:18.417278Z"
100.0,92265614,"a.shirin300101@gmail.com","2026-03-30T08:19:46.037787Z","3b7d50f3b2ce402d861c4b4a20cd5966-2",257100365,"защитные факторы/наличие позитивных социальных связей",26.063,"{""text"":[""До того как мне исполнилось 10."",""Мы с мамой были лучшими подругами.""]}","До того как мне исполнилось 10 мы с мамой были лучшими подругами.","2026-03-30T08:19:46.037799Z"
100.0,92266203,"a.shirin300101@gmail.com","2026-03-30T08:20:48.745911Z","1c44806a8bc84213ad3c28af8b22b045-22",257100366,"клинические проявления/расстройство пищевого поведения (рпп)",61.214,"{""text"":[""Либо наедаюсь на ночь картошки со свининой (как только что произошло)."",""Хотя неделю назад я сидела на строго правильном питании.""]}","либо наедаюсь на ночь картошки со свининой( как только что произошло) хотя неделю назад я сидела на строго правильном питании.","2026-03-30T08:20:48.745921Z"
100.0,92271599,"a.shirin300101@gmail.com","2026-03-30T08:27:59.211778Z","e38c739272d14c98925338693fddf755-0",257100367,"нерелевантный",427.822,"{""text"":[""Учителя ставят ученика перед выбором."",""Либо ты получишь пизды от учителя."",""Либо (ты получишь пизды) от одноклассников.""]}","Учителя ставят ученика перед выбором: либо ты получишь пизды от учителя, либо от одноклассников.","2026-03-30T08:27:59.211789Z"
100.0,92272261,"a.shirin300101@gmail.com","2026-03-30T08:28:45.561289Z","73008db2c1014a4cb2e3cde965811df1-18",257100368,"смерть/смерть, несчастный случай или суицид близких",44.76,"{""text"":[""На всё наплевать."",""Каждый день прохожу мимо места."",""Я видела самоубийство одного парня.""]}","на все наплевать, каждый день прохожу мимо места, где я видела самоубийства одного парня.","2026-03-30T08:28:45.561300Z"
100.0,92272803,"a.shirin300101@gmail.com","2026-03-30T08:29:32.709363Z","cab14efe0d69411ea4d4cef2f790091b-5",257100369,"клинические проявления/депрессия;чувства/одиночество, непонимание, изоляция, брошенность",45.4,"{""text"":[""И тут я понял."",""Меня настигла депрессия одиночества.""]}","И тут я понял что меня настигла депрессия одиночества.","2026-03-30T08:29:32.709376Z"
100.0,92273679,"a.shirin300101@gmail.com","2026-03-30T08:30:38.450251Z","32a26b054c444977a94cd59928fa75ec-14",257100370,"проблемы в семье/сложные отношения с родственниками",52.439,"{""text"":[""Маме рассказываю о проблеме."",""Она говорит."",""Сама выбрала.""]}","Маме рассказываю о проблеме, она говорит, что мол сама выбрала.","2026-03-30T08:30:38.450270Z"
100.0,92275765,"a.shirin300101@gmail.com","2026-03-30T08:32:41.904372Z","8b5abffe7da5496e93e9a195485a2b93-6",257100371,"нерелевантный",111.722,"{""text"":[""Так как ВЫ сотрудники правоохранительных структур."",""Вы боретесь за права и свободы каждого ГРАЖДАНИНА."",""ВАС всех вводят в заблуждение."",""Те, с кем ВЫ непосредственно работаете плечом к плечу."",""Тем самым создавая искусственным способом многие преступления, а также суицидальное поведение ЧЕЛОВЕКА."",""Тем самым водя ВАС ВСЕХ ЗА НОС."",""Вы искали виновных на стороне.""]}","Так как ВЫ сотрудники правоохранительных структур и боретесь за права и свободы каждого ГРАЖДАНИНА, ВАС всех вводят в заблуждение, те с кем ВЫ непосредственно работаете плечом к плечу, тем самым создавая искусственным способом многие преступления, а так же суицидальное поведение ЧЕЛОВЕКА, тем самым водя ВАС ВСЕХ ЗА НОС, что бы вы искали виновных на стороне.","2026-03-30T08:32:41.904386Z"
"","","","","3d92bd9e71ef47dda1327d5722adfc4a-88",257100372,"защитные факторы/наличие позитивных социальных связей","","","Еще ко всему мой лучшей друг встречался с Её лучшей подругой.",""
100.0,92278730,"a.shirin300101@gmail.com","2026-03-30T08:34:03.263520Z","b07923d406ce42a5a52ba17137b04906-1",257100373,"нерелевантный",67.737,"{""text"":[""Я вам могу рассказать, но не рассказываю же лол. "",""Как стоит умереть.""]}","я вам могу рассказать о том как стоит умереть но не рассказываю же лол. ""","2026-03-30T08:34:03.263533Z"
"","","","","4a49410e7d214332be4a4cb4e6dc894e-10",257100374,"нерелевантный","","","Так я с ней и познакомился впервые.",""
100.0,92280383,"a.shirin300101@gmail.com","2026-03-30T08:35:31.398109Z","717c8f5106144a4a9555a321a0ffa3c6-1",257100375,"смерть/мысли о смерти;чувства/душевное опустошение, подавленность, тоска, грусть;чувства/одиночество, непонимание, изоляция, брошенность",79.792,"{""text"":[""Я не знаю куда бежать."",""С кем я могу поделиться своим желанием умереть, своей болью."",""(Боль) я не могу заглушить ни на минуту.""]}","Я не знаю куда бежать и с кем я могу поделиться своим желание умереть, своей болью, которую я не могу заглушить ни на минуту.","2026-03-30T08:35:31.398121Z"
"","","","","48201f6b111d406d957334c00112b575-1",257100376,"защитные факторы/наличие позитивных социальных связей","","","Единственное, что останавливает от ухода - родные.",""
"","","","","c8fd2fc57f7740b790143e6a0f5e831a-13",257100377,"чувства/одиночество, непонимание, изоляция, брошенность","","","А я всё ещё чувствую себя никому ненужной.",""
"","","","","36effae7c3264d209134c53e6e12f62e-5",257100378,"проблемы во внешнем мире/несчастная любовь, проблемы с друзьями, сложности построения отношений","","","А я по ее мнению - самый худший человек на свете.",""
"","","","","ce28f21732dc4d7691b89c09ee193aab-0",257100379,"смерть/мысли о смерти","","","Я больше не хочу жить и не могу!",""
100.0,92282576,"a.shirin300101@gmail.com","2026-03-30T08:37:49.976711Z","e68792600691438da7d7c9bb0a01e511-0",257100380,"чувства/душевное опустошение, подавленность, тоска, грусть;чувства/негативное самоощущение, вина, стыд, никчемность, самобичевание",37.966,"{""text"":[""Я не хочу жить так."",""Я не хочу жить здесь своей жизнью."",""Я не хочу быть собой."",""Я просто хочу исчезнуть.""]}","я не хочу жить так, я не хочу жить здесь своей жизнью, я не хочу быть собой я просто хочу исчезнуть","2026-03-30T08:37:49.976723Z"
100.0,92283154,"a.shirin300101@gmail.com","2026-03-30T08:38:57.390188Z","0c6cd8dcdc154b2daa8c3ab90498638c-9",257100381,"нерелевантный",65.739,"{""text"":[""Дайте, пожалуйста, мне наводку."",""Как стоит поступать."",""Просто сейчас я глупая и маленькая."",""Поступлю так и сделаю тем самым для себя хуже.""]}","дайте пожалуйста мне наводку как стоит поступать, просто сейчас я глупая маленькая поступлю так и сделаю тем самым для себя хуже","2026-03-30T08:38:57.390203Z"
100.0,92288898,"a.shirin300101@gmail.com","2026-03-30T08:48:51.370095Z","e32cf9090f954df5b01fb016fc3f2766-11",257100382,"смерть/мысли о смерти;чувства/негативное самоощущение, вина, стыд, никчемность, самобичевание",215.336,"{""text"":[""Я хочу умереть."",""Потому что не хочу этих проблем и этого стыда."",""Я знаю, что сама во всём виновата.""]}","Я хочу умереть просто потому что не хочу этих проблем и этого стыда, и знаю что сама во всем виновата.","2026-03-30T08:48:51.370107Z"
100.0,92289020,"a.shirin300101@gmail.com","2026-03-30T08:50:36.910637Z","9997c9b34e904e458e4e40ec35817620-22",257100383,"проблемы в семье/сложные отношения с родственниками",103.97,"{""text"":[""И даже сегодня, в мой день рождения я пишу это, слушая постоянные оскорбления."",""(День рождения) я никогда не праздную."",""Я не получаю подарков."",""Я не заработала на них."",""В смысле, на работу я не хожу.""]}","И даже сегодня, в мой день рождения, который я никогда не праздную и не получаю подарков, потому что я не заработала на них ( в смысле на работу я не хожу, я пишу это, слушая постоянные оскорбления.","2026-03-30T08:50:36.910649Z"
100.0,92289119,"a.shirin300101@gmail.com","2026-03-30T08:51:38.022489Z","4840b00f12474077960a610127f20748-20",257100384,"проблемы во внешнем мире/несчастная любовь, проблемы с друзьями, сложности построения отношений;смерть/мысли о смерти",59.119,"{""text"":[""Мучила я его своими страхами и мыслями о суициде долго."",""Он меня решил бросить.""]}","Мучила я его своими страхами и мыслями о суициде долго, пока он меня не решил бросить.","2026-03-30T08:51:38.022503Z"
100.0,92290575,"a.shirin300101@gmail.com","2026-03-30T08:57:21.326189Z","cfb4ec6c221a40ada70d195d300de0b1-4",257100385,"нерелевантный",341.611,"{""text"":[""Мы гуляли вдвоём."",""Её подруга постоянно путалась у нас под ногами."",""Я ей объяснял, что она третий лишний."",""Она всё-таки продолжала ходить за нами."",""Я услышал разговор своих однокурсников.""]}","Когда мы гуляли в 2ем то ее подруга постоянно путалась у нас под ногами, я ей объяснял что 3тий лишний, но она всетаки продолжали ходить за нами, и тут я услышал разговор своих однокурсников.","2026-03-30T08:57:21.326202Z"
100.0,92290631,"a.shirin300101@gmail.com","2026-03-30T08:57:56.021511Z","423ad013ad8b4490ac71fc1117ea5ee5-3",257100386,"чувства/душевное опустошение, подавленность, тоска, грусть",33.242,"{""text"":[""Обидно."",""Молодость превратилась в ад.""]}","Обидно, что молодость превратилась в ад.","2026-03-30T08:57:56.021522Z"
100.0,92290707,"a.shirin300101@gmail.com","2026-03-30T08:58:52.576233Z","3970ab0b880146ceb41ec55b40d8c6fd-23",257100387,"клинические проявления/плач, истерики",55.145,"{""text"":[""Я плачу каждый день."",""Мне говорят, что это ненормально, что так нельзя."",""Нужно уже отпустить ситуацию и жить обычной жизнью.""]}","я плачу каждый день, а мне говорят, что это ненормально, что так нельзя, нужно уже отпустить ситуацию и жить обычной жизнью.","2026-03-30T08:58:52.576245Z"
100.0,92290748,"a.shirin300101@gmail.com","2026-03-30T08:59:19.858434Z","68964120f15041e4afaf05b50e481199-1",257100388,"смерть/мысли о смерти",25.799,"{""text"":[""Меня зовут Галя."",""В последнее время я не хочу жить!""]}","Меня зовут Галя, и в последнее время я не хочу жить!","2026-03-30T08:59:19.858447Z"
"","","","","48515b18f9bd4cc38a2cf6890e18e434-0",257100389,"нерелевантный","","","Хз че имеется ввиду под боязнью одиночества.",""
100.0,92291959,"a.shirin300101@gmail.com","2026-03-30T09:01:32.867346Z","9a38551d58d749d5ab084898fbae367b-33",257100390,"проблемы в семье/сложные отношения с родственниками",112.755,"{""text"":[""Мама смеялась и улыбалась, типа это так мило. "",""Вот ты какая у меня толстенькая, глупенькая."",""Я попадала в неудобные ситуации."",""Что я чувствовала в эти моменты — не важно.""]}","Или мама смеялась, вот ты какая у меня толстенькая, глупенькая и улыбалась типа это так мило, когда я попадала в неудобные ситуации, а что я чувствовала в эти моменты – не важно.","2026-03-30T09:01:32.867359Z"
"","","","","f293d09cf67a4a808ffb77afe36c5311-3",257100391,"смерть/мысли о смерти","","","Я хочу любым способом умереть.",""
100.0,92292043,"a.shirin300101@gmail.com","2026-03-30T09:02:22.667317Z","4ffb016912de437983ffee03bb3f358b-1",257100392,"смерть/мысли о смерти",40.156,"{""text"":[""Я живу."",""У меня нет сил умереть.""]}","Я живу только потому, что у меня нет сил умереть.","2026-03-30T09:02:22.667331Z"
100.0,92292070,"a.shirin300101@gmail.com","2026-03-30T09:02:38.136615Z","a53af3d0292141bb9191bf9f45a20d5b-5",257100393,"смерть/мысли о смерти",13.953,"Хочу покончить с собой самоубийством.","Поэтому хочу покончить с собой самоубийством.","2026-03-30T09:02:38.136629Z"
"","","","","88d97530e0554c6cb04c35653c23c890-32",257100394,"чувства/душевное опустошение, подавленность, тоска, грусть","","","В норму я так и не пришёл.",""
100.0,92292249,"a.shirin300101@gmail.com","2026-03-30T09:04:33.331620Z","d249f96fd6b545c5a4246a0925284156-1",257100395,"смерть/мысли о смерти",100.381,"{""text"":[""Я умирал каждый раз."",""Я не могу умереть до конца."",""Да и перезагрузить меня можно."",""Я знаю, какими частями я бы хотел жить."",""Я не хочу быть тем, кого из меня пытались делать."",""Если я разрушу себя, в итоге это моё решение.""]}","я умирал каждый раз. я не могу умереть до конца, да и перезагрузить меня можно но я знаю какими частями я бы хотел жить и что я не хочу быть тем кого из меня пытались делать если я разрушу себя в итоге это мое решение","2026-03-30T09:04:33.331632Z"
100.0,92292315,"a.shirin300101@gmail.com","2026-03-30T09:05:20.806286Z","b2c4b5d680324eb59153268559a01b44-7",257100396,"чувства/негативное самоощущение, вина, стыд, никчемность, самобичевание",44.619,"{""text"":[""В общем, простите за сумбурность."",""Мне просто очень плохо."",""Морально я мертва уже давно."",""Я - никто и звать меня - никак.""]}","В общем, простите за сумбурность, мне просто очень плохо, морально я мертва уже давно, я -никто и звать меня-никак.","2026-03-30T09:05:20.806302Z"
100.0,92297521,"a.shirin300101@gmail.com","2026-03-30T09:53:08.570988Z","c7cfa14a6211430aaf4369799b7100df-2",257100397,"чувства/душевное опустошение, подавленность, тоска, грусть",2866.289,"{""text"":[""Я больше не вижу смысла в жизни."",""Я не смогу испытать счастье."",""Я сожалею о том, что не способен что-то предпринять."",""Я ничего не могу сделать с этим чувством, только испытывать боль.""]}","Я больше не вижу смысла в жизни, я не смогу испытать счастье, я сожалею о том, что не способен что-то предпринять, и в тоже время я ничего не могу сделать с этим чувством, только испытавать боль.","2026-03-30T09:53:08.571001Z"
100.0,92297563,"a.shirin300101@gmail.com","2026-03-30T09:53:44.600533Z","c20a4d0a58d1471e8e9c1ccb36c68636-1",257100398,"нерелевантный",34.587,"{""text"":[""Особо ни на что не рассчитываю."",""Чтобы потом не расстраиваться."",""Но всё равно жду результатов 29 числа.""]}","Особо ни на что не рассчитываю, чтобы потом не расстраиваться, но все равно жду результатов 29 числа","2026-03-30T09:53:44.600545Z"
100.0,92297711,"a.shirin300101@gmail.com","2026-03-30T09:55:17.883057Z","2d49ac77d4874475ad58c0dd190f28c7-0",257100399,"смерть/мысли о смерти",90.244,"{""text"":[""Я не хочу жить."",""Я понимаю, что  (жизнь) мне не нужна."",""Какие есть причины против моего самоубийства?""]}","Я не хочу жить потому что понимаю что она мне не нужна, какие есть причины против моего самоубийства?","2026-03-30T09:55:17.883070Z"
100.0,92297800,"a.shirin300101@gmail.com","2026-03-30T09:56:36.102073Z","c092b9cc19e9462581095aa41e9b7ce8-2",257100400,"нерелевантный",75.105,"{""text"":[""И говорить, что настоящие страдания только скрытые от всех."",""Это как говорить, что те, кто реально хочет умереть, уже в гробу.""]}","и говорить что настоящие страдания только скрытые от всех - это как говорить что те, кто реально хочет умереть уже в гробу.","2026-03-30T09:56:36.102088Z"
100.0,92297830,"a.shirin300101@gmail.com","2026-03-30T09:57:05.046764Z","1eb6d6baa05d49b2af0f6111717f996f-6",257100401,"деструктивное поведение/проблемы с законом, дисциплиной;чувства/одиночество, непонимание, изоляция, брошенность",27.434,"{""text"":[""В школе и колледже я был двоечником."",""Я был не общителен с людьми.""]}","В школе колледже я был двоечником, не общителен с людьми.","2026-03-30T09:57:05.046774Z"
100.0,92297853,"a.shirin300101@gmail.com","2026-03-30T09:57:25.269117Z","1fd73cef27da4e87a94c5f80b7e8403b-0",257100402,"чувства/негативное самоощущение, вина, стыд, никчемность, самобичевание",18.823,"Ненавижу себя.","ненавижу себя ненавижу себя ненавижу себя ненавижу себя ненавижу себя ненавижу себя ненавижу себя ненавижу себя","2026-03-30T09:57:25.269128Z"
100.0,92297918,"a.shirin300101@gmail.com","2026-03-30T09:58:27.054329Z","0f7db16199ef4fb6b40a9ef7c0b5d6c8-0",257100403,"нерелевантный",60.428,"{""text"":[""Вы шутите."",""В 25 у вас кости ломит."",""После 30 жизни вообще нет."",""Люди за 50 выглядят вот так.""]}","пока вы шутите, что в 25 у вас кости ломит, а после 30 жизни вообще нет, люди за 50 выглядят вот так:","2026-03-30T09:58:27.054341Z"
"","","","","d8843561911045d7a555fff56d18b095-1",257100404,"нерелевантный","","","Как низко мне еще предстоит пасть ради гемов!",""
100.0,92297966,"a.shirin300101@gmail.com","2026-03-30T09:59:08.490738Z","e7aafa421321486f98176bd6d3d26b1f-1",257100405,"деструктивное поведение/проблемы с законом, дисциплиной",29.713,"{""text"":[""Раньше я находилась под властью ужаснейшей из мерзостей. "",""Я воровала деньги у родителей.""]}","Раньше я находилась под властью ужаснейшей из мерзостей, а именно, я воровала деньги, у родителей.","2026-03-30T09:59:08.490752Z"
100.0,92298071,"a.shirin300101@gmail.com","2026-03-30T10:00:25.266485Z","3b1a2e73039b4bd4a1b027486c9fbd84-0",257100406,"клинические проявления/физические заболевания, инвалидность",75.27,"{""text"":[""Эта ночь была одна из самых ужасных."",""Я в бреду прям была."",""У меня не было таблеток сбить температуру, тем более такую высокую.""]}","эта ночь была одна из самых ужасных, я в бреду прям была, потому что у меня не было таблеток сбить температуру, тем более такую высокую","2026-03-30T10:00:25.266497Z"
100.0,92298135,"a.shirin300101@gmail.com","2026-03-30T10:01:15.435220Z","b5283797a8264716b4c25dd637d2c091-9",257100407,"проблемы во внешнем мире/несчастная любовь, проблемы с друзьями, сложности построения отношений;смерть/мысли о смерти",48.622,"{""text"":[""Она меня удалила везде, где только можно."",""Она не хочет меня видеть и слышать."",""Я хочу после этого покончить с собой.""]}","она меня удалила везде, где только можно и не хочет меня видеть и слышать, я хочу после этого покончить с собой.","2026-03-30T10:01:15.435230Z"
100.0,92298260,"a.shirin300101@gmail.com","2026-03-30T10:02:47.608412Z","340fa386e28749f2bb0b59d80fbbf88a-3",257100408,"проблемы во внешнем мире/травля, физическое насилие;смерть/мысли о смерти;чувства/агрессия, гнев, обида, злость, раздражительность, ревность, несправедливость",88.155,"{""text"":[""Меня всё бесит."",""С одноклассниками всегда проблемы."",""Они обзывают, всячески издеваются."",""Тогда зачем вообще жить?"",""Даже смысла нет."",""Все скажут: «Ой, да тебе 16, всё будет хорошо, это просто подростковый возраст»."",""Но нет, я давно хочу умереть.""]}","меня все бесит, с одноклассниками всгда проблемы, они обзывают, всячески издеваются, тогда зачем вообще жить даже смысла нет) все скажут, ой да тебе 16, все будет хорошо, это просто подроськовый возрост, но нет я давно хочу умереть.","2026-03-30T10:02:47.608426Z"
100.0,92298302,"a.shirin300101@gmail.com","2026-03-30T10:03:20.530184Z","149be39c33834807af2f6132a89623e3-1",257100409,"чувства/негативное самоощущение, вина, стыд, никчемность, самобичевание",31.433,"{""text"":[""Может, это расплата за какие-то мои грехи?"",""О коих я уже и забыла.""]}","Может это расплата за какие -то мои грехи о коих я уже и забыла?","2026-03-30T10:03:20.530201Z"
100.0,92298629,"a.shirin300101@gmail.com","2026-03-30T10:09:18.648241Z","1b04c41688c34d6088bf87f2b65d082e-1",257100410,"защитные факторы/позитивные установки",356.727,"{""text"":[""Я уже не знаю как, но пока живу."",""Живу через силу, пытаюсь выкарабкаться из проблем.""]}","Я уже не знаю как, но пока живу, через силу, пытаюсь выкарабкаться из проблем.","2026-03-30T10:09:18.648254Z"
100.0,92298651,"a.shirin300101@gmail.com","2026-03-30T10:09:40.130412Z","c91f1b01533b4454b2ed598bbb369be8-23",257100411,"клинические проявления/физические заболевания, инвалидность",20.088,"{""text"":[""После родов у меня проблемы со здоровьем."",""У меня судороги.""]}","После родов у меня проблемы со здоровьем, у меня судороги.","2026-03-30T10:09:40.130423Z"
